seed,standalone_total_usd,grand_coalition_usd,gain_usd,gain_pct,pooling_share_pct,platooning_share_pct,shapley_in_core,least_core_eps,core_nonempty
20260909,21830504.925028328,21468105.62425268,362399.30077564716,1.6600591787511159,94.11710290033153,5.882897099668464,True,-43962.43567768112,True
11,21525834.06100375,21274094.197254978,251739.8637487702,1.1694778610452208,90.09207988584915,9.907920114150853,True,-50903.74110503588,True
202,21540932.347431764,21188665.392428093,352266.95500367135,1.6353375486352646,95.10859277429856,4.891407225701441,True,-81043.61883721058,True
3003,21777448.49356012,21417055.233115416,360393.26044470444,1.6548920345341536,92.62913896595151,7.370861034048483,True,-56361.14892902877,True
40404,21873318.43335685,21381013.61631998,492304.81703687087,2.2507093221214443,93.14373937553219,6.856260624467814,True,-74836.55849684216,True
5,21375416.081653498,21168749.148678083,206666.93297541514,0.9668440239289526,94.22138026964667,5.778619730353329,True,-31690.76611138694,True
66,20060110.530159444,19848771.408978995,211339.12118044868,1.0535291959768125,93.98563722548086,6.014362774519136,True,-29014.939441229217,True
777,22248434.5749788,21935529.08121367,312905.4937651269,1.4064157759531946,98.7675200822239,1.2324799177761063,True,-58599.868894696236,True
8888,22833226.847024735,22629558.354803704,203668.49222103134,0.8919829579303207,95.94715803401846,4.052841965981543,True,-29634.87129415851,True
99,21290932.801649094,20958657.000414677,332275.80123441666,1.5606446384006256,93.87604014587374,6.1239598541262605,True,-53146.52789816167,True
MEAN,,,,1.4249892537277105,,,,,
SD,,,,0.3937235021561409,,,,,
