network,port,country,family,first_best,cost_usd,coordination_gap_usd,gap_pct,exp_emissions_kgco2,n_electrified,theta,sigma,certified_mip_gap,status
vizag,Visakhapatnam,India,F0,25800630.471402064,25826124.0693975,25493.59799543768,0.09880998072390246,28670823.45754683,5,,,0.0,optimal
vizag,Visakhapatnam,India,F1,25800630.471402064,25826039.015782703,25408.54438063875,0.0984803236060533,28670583.931332327,5,*=0.15,,0.0,optimal
vizag,Visakhapatnam,India,F2,25800630.471402064,25826124.069397464,25493.59799540043,0.09880998072375806,28670823.457546413,5,*=0,,0.0,optimal
vizag,Visakhapatnam,India,F3,25800630.471402064,25800630.471402064,0.0,0.0,28468408.011664845,5,*=0.075,*=0.1125,0.0,optimal
vizag,Visakhapatnam,India,F4,25800630.471402064,25800630.471402064,0.0,0.0,28468408.01166484,5,H-AV=0.173128;H-CL=0.0375;H-MA=0.173128;L-AV=0.0375;L-CL=0.0375;L-MA=0.15,H-AV=0.11728;H-CL=0.15;H-MA=0.15;L-AV=0.1549;L-CL=0.075;L-MA=0.1125,0.0,optimal
sanantonio,San Antonio,Chile,F0,165578190.84683603,166487133.6010675,908942.7542314827,0.5489507703778921,74300459.59943514,7,,,5.613756968378722e-05,maxTimeLimit
sanantonio,San Antonio,Chile,F1,165578190.84683603,166487133.6139911,908942.767155081,0.5489507781830252,74300459.80599351,7,*=0,,0.005464933482301201,maxTimeLimit
sanantonio,San Antonio,Chile,F2,165578190.84683603,166487133.5717255,908942.7248894572,0.5489507526569438,74300459.13051796,7,*=0,,0.005464933229821538,maxTimeLimit
sanantonio,San Antonio,Chile,F3,165578190.84683603,165718221.2897989,140030.4429628551,0.08457058399217972,69785048.45923921,7,*=0.2625,*=0.2625,0.0008504121367602642,maxTimeLimit
sanantonio,San Antonio,Chile,F4,165578190.84683603,165578190.84683603,0.0,0.0,70305583.62877542,7,H-AV=0.1875;H-CL=0.173128;H-MA=0.173128;L-AV=0.6;L-CL=0.1875;L-MA=0.1875,H-AV=0.075;H-CL=0.225;H-MA=1.5;L-AV=0.1758;L-CL=0.0375;L-MA=1.5,5.425495349045289e-06,maxTimeLimit
manzanillo,Manzanillo,Mexico,F0,1154792861.0257826,1166558878.2850058,11766017.259223223,1.0188855210597398,422619065.8514111,6,,,0.006409259435222086,maxTimeLimit
manzanillo,Manzanillo,Mexico,F1,1154792861.0257826,1161889690.2898076,7096829.264024973,0.6145543069707742,400788388.948609,7,*=0.173128,,0.006131558793781911,maxTimeLimit
manzanillo,Manzanillo,Mexico,F2,1154792861.0257826,1159490154.8232212,4697293.7974386215,0.40676505336776125,396679834.9177321,6,*=0.45,,0.0040215280980855,maxTimeLimit
manzanillo,Manzanillo,Mexico,F3,1154792861.0257826,1161791648.643845,6998787.618062496,0.6060643301730835,409006035.2171728,6,*=0.15,*=0.0375,0.006411276600321871,maxTimeLimit
manzanillo,Manzanillo,Mexico,F4,1154792861.0257826,1158942267.900266,4149406.874483347,0.3593204473742157,395637358.4863068,6,H-AV=0.3;H-CL=0.45;H-MA=0.1125;L-AV=0.3;L-CL=0.15;L-MA=1.5,H-AV=0.15;H-CL=0.45;H-MA=0.0314;L-AV=0.1131;L-CL=1.5;L-MA=0.0314,0.004140751876811322,maxTimeLimit
rotterdam,Rotterdam,Netherlands,F0,677417417.7639687,677514864.5766169,97446.81264817715,0.014385046810551652,144780975.24655625,9,,,0.0,optimal
rotterdam,Rotterdam,Netherlands,F1,677417417.7639687,677438801.8787512,21384.114782452583,0.003156711684951598,144365897.03787327,9,*=0.075,,0.0,optimal
rotterdam,Rotterdam,Netherlands,F2,677417417.7639687,677514864.5766169,97446.81264817715,0.014385046810551652,144780975.24655673,9,*=0,,0.0,optimal
rotterdam,Rotterdam,Netherlands,F3,677417417.7639687,677417417.7639687,0.0,0.0,143446302.7838664,9,*=0.1875,*=0.0375,0.0,optimal
rotterdam,Rotterdam,Netherlands,F4,677417417.7639687,677601091.5946232,183673.83065450191,0.027113833485530342,142299188.33473122,9,H-AV=1.5;H-CL=0.6;H-MA=0.3;L-AV=0.2625;L-CL=0.075;L-MA=0.45,H-AV=0.45;H-CL=0;H-MA=0.3;L-AV=0.0375;L-CL=0.0375;L-MA=0.45,0.0006308177741338576,maxTimeLimit
