family,eps_emissions,feasible,exp_cost_usd,exp_emissions_kgco2,exp_grid_kwh,n_electrified,theta,sigma,certified_mip_gap,status,runtime_s
F0,740311296.7,False,,,,,,,,maxTimeLimit,900.5
F0,745309340.22,True,702670977.5397242,745230917.2139564,124999999.99999999,3,,,0.061902577759181156,maxTimeLimit,900.4
F0,750307383.75,True,694659295.063099,750150517.2139165,249999999.99994954,2,,,0.0532684965707474,maxTimeLimit,900.6
F0,755305427.28,True,687214021.5864944,755070117.213956,375000000.0,5,,,0.04344678120424651,maxTimeLimit,900.5
F0,760303470.8,True,679735925.6323881,760120293.1068135,503317746.68818104,6,,,0.03323595413170537,maxTimeLimit,900.4
F2,733214065.5,True,716423211.2444497,733214065.5005599,-3.839159138653718e-10,0,*=1.5,,0.08186735133151847,maxTimeLimit,900.6
F2,739986416.83,True,707174397.5485127,739675220.8391237,162499999.99999964,5,*=1.5,,0.07006211231921257,maxTimeLimit,900.6
F2,746758768.15,True,696331738.9575901,746496985.5005597,337500000.00000155,7,*=0.6,,0.05616062558408293,maxTimeLimit,900.5
F2,753531119.48,True,663147826.7117049,753243205.8400055,963379299.9684883,10,*=0.075,,0.008616673513506515,maxTimeLimit,900.8
F2,760303470.8,True,658365173.9948392,757155418.1949656,963661287.0782032,10,*=0.0375,,0.001854472953107624,maxTimeLimit,900.8
F4,691362555.53,True,691740782.5003059,690718740.2011187,780695552.3906788,10,H-AV=0.9;H-CL=0.15;H-MA=0.9;L-AV=1.5;L-CL=0.1125;L-MA=0.9,H-AV=0.45;H-CL=0.11728;H-MA=0.9;L-AV=0.9;L-CL=0.225;L-MA=0.9,0.029028614169113915,maxTimeLimit,900.6
F4,708597784.35,True,666065132.9561597,708517361.7220305,723292902.6598474,9,H-AV=0.9;H-CL=0.45;H-MA=0.0375;L-AV=0.45;L-CL=0.9;L-MA=0.6,H-AV=0.1125;H-CL=0.3;H-MA=0.2625;L-AV=0.45;L-CL=0.2625;L-MA=0.9,0.005826507939681735,maxTimeLimit,900.7
F4,725833013.17,True,659191208.3229085,716031890.6092442,802423513.0120131,10,H-AV=0.225;H-CL=0.45;H-MA=0.0375;L-AV=0.6;L-CL=0.225;L-MA=0,H-AV=0.2625;H-CL=0.45;H-MA=0.1875;L-AV=0.45;L-CL=0.11728;L-MA=0.1125,0.0009904763629358351,optimal,573.1
F4,743068241.98,True,659708874.5099638,736812825.9976144,888885235.3400785,10,H-AV=0.9;H-CL=0.45;H-MA=0.173128;L-AV=0.1125;L-CL=0.15;L-MA=0,H-AV=0.20259;H-CL=0.1875;H-MA=0.2625;L-AV=0.225;L-CL=0.11728;L-MA=0,0.0028288689310884347,maxTimeLimit,900.6
F4,760303470.8,True,657231714.9612792,759258517.864935,963661287.0782095,10,H-AV=0.225;H-CL=0.075;H-MA=0.45;L-AV=0.6;L-CL=0.9;L-MA=0,H-AV=0.3;H-CL=0.20259;H-MA=0;L-AV=0.225;L-CL=0.20259;L-MA=0.0375,0.00013307540231289713,optimal,429.0
