swap,network,regime_country,cost_usd,cost_first_best,n_electrified,n_electrifiable,pct_electrified,pct_truck_movements_electric,exp_emissions_kgco2,exp_grid_kwh,emissions_per_truck_movement,expected_ef_kgco2_per_kwh,haulage_cost_usd_per_km,status
full,vizag,India,25800630.471402064,25800630.471402064,5,11,45.45454545454545,46.62563401888012,28468408.01166484,31988484.60137413,43.894490080269335,0.71,0.32,optimal
full,vizag,Chile,31591633.981077,31591633.981077,5,11,45.45454545454545,42.727103436976584,13826663.939377332,29076297.990691368,21.318872586114924,0.289,0.55,optimal
full,vizag,Mexico,33709326.595611945,33696836.83301658,5,11,45.45454545454545,37.83841294752799,22019266.483008772,28586449.007452026,33.94976917764184,0.474,0.48,maxTimeLimit
full,vizag,Netherlands,51282210.90464758,51282210.90464758,9,11,81.81818181818181,79.85040970736979,12223150.644114204,34687838.34587577,18.845625264618477,0.254,1.05,optimal
full,sanantonio,India,134864983.59242815,134864109.32267386,7,8,87.5,80.34866919118922,156767014.3769304,189159555.39804137,37.133851258275826,0.71,0.32,maxTimeLimit
full,sanantonio,Chile,165578190.84683603,165578190.84683603,7,8,87.5,74.51492520094631,70305583.62877542,172974507.48000744,16.653484761915628,0.289,0.55,maxTimeLimit
full,sanantonio,Mexico,177945484.07148567,177920938.84538552,7,8,87.5,72.66840177816738,118934969.26125734,169361635.62258562,28.17246648160358,0.474,0.48,maxTimeLimit
full,sanantonio,Netherlands,272656508.41437876,271428292.1628989,7,8,87.5,82.6376426265638,68770644.38168757,188522248.93625364,16.28989931048384,0.254,1.05,maxTimeLimit
full,manzanillo,India,955536700.5023998,955536700.5023999,7,8,87.5,93.6521746129566,1020804915.5650817,1357806724.1027858,129.55068832705527,0.71,0.32,optimal
full,manzanillo,Chile,1126628808.6864524,1126628808.6864524,6,8,75.0,84.0890671796298,225039796.55808306,721734760.0481058,44.47372591667833,0.289,0.55,optimal
full,manzanillo,Mexico,1158942267.900266,1154792861.0257826,6,8,75.0,98.22694447452156,395637358.4863068,801651060.3381096,81.299127469243,0.474,0.48,maxTimeLimit
full,manzanillo,Netherlands,1424802636.4362335,1424802636.4362335,5,8,62.5,99.24991775356885,146668945.54971096,572606845.7322917,40.31064557057765,0.254,1.05,optimal
full,rotterdam,India,341591532.13132066,341591532.1313206,9,9,100.0,86.12416914719267,403414437.76455194,505469203.88113374,36.28451195425653,0.71,0.32,maxTimeLimit
full,rotterdam,Chile,418823560.027811,418823560.02781093,9,9,100.0,78.55341916497198,172543236.76609582,459829652.04548126,15.519144956134344,0.289,0.55,maxTimeLimit
full,rotterdam,Mexico,450155926.2881909,450072812.87350935,9,9,100.0,79.78207102899931,298206190.7546193,457440074.28507715,26.821712562465123,0.474,0.48,maxTimeLimit
full,rotterdam,Netherlands,677512044.7722347,677417417.7639687,9,9,100.0,93.71281460918583,143113143.14313838,502711693.99969864,13.703644484005839,0.254,1.05,maxTimeLimit
grid,vizag,India,25800630.471402064,25800630.471402064,5,11,45.45454545454545,46.62563401888012,28468408.01166484,31988484.60137413,43.894490080269335,0.71,0.32,optimal
grid,vizag,Chile,23076731.993078604,23065519.951890673,5,11,45.45454545454545,49.088349748081676,14380842.3464537,32995404.766282976,22.17289236430452,0.289,0.32,maxTimeLimit
grid,vizag,Mexico,24843928.844680645,24843928.844680645,5,11,45.45454545454545,38.1877467562259,22774232.695047673,25358753.41659386,35.11479216750117,0.474,0.32,optimal
grid,vizag,Netherlands,23073439.786590293,23056482.13348684,6,11,54.54545454545455,56.14280752877627,13623027.90527488,32473980.30734722,21.004574156911545,0.254,0.32,maxTimeLimit
grid,sanantonio,India,180073030.7430673,180071805.0138791,7,8,87.5,59.04221820205601,148955802.9964036,135750306.21309736,35.28358726808455,0.71,0.55,maxTimeLimit
grid,sanantonio,Chile,165578190.84683603,165578190.84683603,7,8,87.5,74.51492520094631,70305583.62877542,172974507.48000744,16.653484761915628,0.289,0.55,maxTimeLimit
grid,sanantonio,Mexico,175902896.53218386,175900219.6448661,7,8,87.5,68.01455404019647,122369391.83807386,153963664.19001043,28.98598798440475,0.474,0.55,maxTimeLimit
grid,sanantonio,Netherlands,166220215.76903957,166220215.7685289,7,8,87.5,85.11384137351409,71172080.82869461,187709065.8482396,16.85873443299852,0.254,0.55,maxTimeLimit
grid,manzanillo,India,1188366137.6693513,1188366137.6693513,6,8,75.0,77.62536787568924,528941750.2494098,635712821.2822187,108.2245219168121,0.71,0.48,optimal
grid,manzanillo,Chile,1122250719.1485252,1122250719.1485248,7,8,87.5,87.2725238723875,273302641.07144386,980091340.0015324,43.96813745668189,0.289,0.48,optimal
grid,manzanillo,Mexico,1158942267.900266,1154792861.0257826,6,8,75.0,98.22694447452156,395637358.4863068,801651060.3381096,81.299127469243,0.474,0.48,maxTimeLimit
grid,manzanillo,Netherlands,1116680670.0166116,1116567554.3166893,7,8,87.5,99.80389576562715,253895901.7545216,1077015162.0153956,41.949883720114514,0.254,0.48,maxTimeLimit
grid,rotterdam,India,720901406.8654639,720109478.2834369,9,9,100.0,93.71291437303599,372086198.7336653,506809257.2264965,35.595881108680665,0.71,1.05,maxTimeLimit
grid,rotterdam,Chile,675445648.303525,675175918.6977898,9,9,100.0,94.98987855506296,151034596.28732255,520321020.38902414,14.392925074877608,0.289,1.05,maxTimeLimit
grid,rotterdam,Mexico,713918754.5753798,713795742.110745,9,9,100.0,89.04602566140154,267929778.94949564,457312389.17846316,25.841318818432917,0.474,1.05,maxTimeLimit
grid,rotterdam,Netherlands,677601091.5946232,677417417.7639687,9,9,100.0,92.4533853195038,142299188.33473122,503224042.8530442,13.620112810125926,0.254,1.05,maxTimeLimit
