network,country,scenario,ef_grid_kgco2_kwh,ef_neutral,ef_neutral_low,ef_neutral_high,ef_social_breakeven,elec_kgco2_per_km,diesel_kgco2_per_km,cleaner_option,robustness_of_sign,socially_cheaper_option,carbon_price_flip_usd_kg
vizag,India,L-CL,0.512,0.6706,0.4807,0.8476,1.4793,0.6957,0.9112,electric,undetermined by the data,electric,
vizag,India,L-AV,0.71,0.6706,0.4807,0.8476,1.3588,0.9647,0.9112,diesel,undetermined by the data,electric,3.322
vizag,India,L-MA,0.961,0.6706,0.4807,0.8476,1.0272,1.3057,0.9112,diesel,"diesel, robustly",electric,0.2333
vizag,India,H-CL,0.512,0.6706,0.4807,0.8476,1.4793,0.6957,0.9112,electric,undetermined by the data,electric,
vizag,India,H-AV,0.71,0.6706,0.4807,0.8476,1.3588,0.9647,0.9112,diesel,undetermined by the data,electric,3.322
vizag,India,H-MA,0.961,0.6706,0.4807,0.8476,1.0272,1.3057,0.9112,diesel,"diesel, robustly",electric,0.2333
sanantonio,Chile,L-CL,0.045,0.6706,0.4807,0.8476,1.2493,0.0611,0.9112,electric,"electric, robustly",electric,
sanantonio,Chile,L-AV,0.289,0.6706,0.4807,0.8476,1.0746,0.3927,0.9112,electric,"electric, robustly",electric,
sanantonio,Chile,L-MA,0.82,0.6706,0.4807,0.8476,0.5941,1.1141,0.9112,diesel,undetermined by the data,diesel,-0.0974
sanantonio,Chile,H-CL,0.045,0.6706,0.4807,0.8476,1.2493,0.0611,0.9112,electric,"electric, robustly",electric,
sanantonio,Chile,H-AV,0.289,0.6706,0.4807,0.8476,1.0746,0.3927,0.9112,electric,"electric, robustly",electric,
sanantonio,Chile,H-MA,0.82,0.6706,0.4807,0.8476,0.5941,1.1141,0.9112,diesel,undetermined by the data,diesel,-0.0974
manzanillo,Mexico,L-CL,0.06,0.6706,0.4807,0.8476,1.7902,0.0815,0.9112,electric,"electric, robustly",electric,
manzanillo,Mexico,L-AV,0.474,0.6706,0.4807,0.8476,1.6124,0.644,0.9112,electric,"electric, robustly",electric,
manzanillo,Mexico,L-MA,0.49,0.6706,0.4807,0.8476,1.1235,0.6658,0.9112,electric,undetermined by the data,electric,
manzanillo,Mexico,H-CL,0.06,0.6706,0.4807,0.8476,1.7902,0.0815,0.9112,electric,"electric, robustly",electric,
manzanillo,Mexico,H-AV,0.474,0.6706,0.4807,0.8476,1.6124,0.644,0.9112,electric,"electric, robustly",electric,
manzanillo,Mexico,H-MA,0.49,0.6706,0.4807,0.8476,1.1235,0.6658,0.9112,electric,undetermined by the data,electric,
rotterdam,Netherlands,L-CL,0.03,0.6706,0.4807,0.8476,2.5678,0.0408,0.9112,electric,"electric, robustly",electric,
rotterdam,Netherlands,L-AV,0.254,0.6706,0.4807,0.8476,2.3539,0.3451,0.9112,electric,"electric, robustly",electric,
rotterdam,Netherlands,L-MA,0.49,0.6706,0.4807,0.8476,1.7656,0.6658,0.9112,electric,undetermined by the data,electric,
rotterdam,Netherlands,H-CL,0.03,0.6706,0.4807,0.8476,2.5678,0.0408,0.9112,electric,"electric, robustly",electric,
rotterdam,Netherlands,H-AV,0.254,0.6706,0.4807,0.8476,2.3539,0.3451,0.9112,electric,"electric, robustly",electric,
rotterdam,Netherlands,H-MA,0.49,0.6706,0.4807,0.8476,1.7656,0.6658,0.9112,electric,undetermined by the data,electric,
