instance,n_edges,n_arcs,n_carriers,n_scenarios,log10_design_space,sd_binaries,sd_variables,sd_constraints,sd_runtime_s,sd_status,sd_objective,kkt_binaries,kkt_runtime_s,kkt_status,kkt_objective,sd_vs_kkt_rel_gap,enum_runtime_s,enum_designs,enum_objective,sd_vs_enum_rel_gap
edges=3,3,6,3,6,20.4,204,1398,2157,2.253384828567505,optimal,2876573.1603262792,1092,124.54402279853821,optimal,2876573.1603262797,1.62e-16,8.009792566299438,8,2876573.1603262792,0.00e+00
edges=5,5,10,3,6,24.7,220,2134,3147,5.699495077133179,optimal,7950147.348639704,1744,240.41539931297302,maxTimeLimit,,,81.4437084197998,32,7950147.348639702,2.34e-16
edges=7,7,14,3,6,28.9,236,2870,4137,41.54742431640625,optimal,20633108.306578927,2396,240.57526803016663,maxTimeLimit,,,1538.2479331493378,128,20633108.306578927,0.00e+00
edges=9,9,18,3,6,33.1,252,3606,5127,81.61794090270996,optimal,25804878.763686523,3048,240.69419360160828,maxTimeLimit,,,,,,
edges=11,11,22,3,6,37.3,268,4102,5877,121.4626407623291,optimal,25800630.471402064,3460,240.782399892807,maxTimeLimit,,,,,,
corridors=2,22,44,3,6,60.5,356,7838,11010,240.85098552703857,maxTimeLimit,51983982.0526534,6734,241.5567226409912,maxTimeLimit,,,,,,
corridors=3,33,66,3,6,83.8,444,11574,16143,241.36459493637085,maxTimeLimit,78539849.66151339,10008,242.50561046600342,maxTimeLimit,,,,,,
scenarios=4,11,22,3,4,32.5,204,2756,3935,47.59741830825806,optimal,21804663.10691519,2332,240.5157494544983,maxTimeLimit,,,,,,
scenarios=9,11,22,3,9,44.4,358,6109,8766,175.62140893936157,optimal,25201168.805385668,5146,241.22348856925964,maxTimeLimit,,,,,,
scenarios=16,11,22,3,16,60.8,568,10792,15507,241.26555490493774,maxTimeLimit,26271006.59636931,9080,242.17500138282776,maxTimeLimit,,,,,,
carriers=2,11,22,2,6,37.3,268,3538,5313,129.46502327919006,optimal,25800630.471402064,2896,240.7985818386078,maxTimeLimit,,,,,,
carriers=3,11,22,3,6,37.3,268,4102,5877,104.478590965271,optimal,25800601.78206539,3460,240.7371814250946,maxTimeLimit,,,,,,
carriers=5,11,22,5,6,37.3,268,5230,7005,222.46905755996704,optimal,25800718.52509648,4588,241.0150785446167,maxTimeLimit,,,,,,
carriers=8,11,22,8,6,37.3,268,6922,8697,240.79668426513672,maxTimeLimit,25806392.47274736,6280,241.61055421829224,maxTimeLimit,,,,,,
