parameter,value,exp_cost_usd,exp_emissions_kgco2,exp_grid_kwh,n_electrified,n_bays,theta,sigma,note,certified_mip_gap,status
social_cost_of_carbon_usd_per_kg,0.0,20379360.376254387,28674736.521397028,32111187.762963604,5,83,H-AV=0.15;H-CL=0.0375;H-MA=0.173128;L-AV=0.15;L-CL=0.1125;L-MA=0.075,H-AV=0.11728;H-CL=0.1549;H-MA=0.11728;L-AV=0;L-CL=0.0375;L-MA=0.11728,,9.705482305735844e-05,optimal
social_cost_of_carbon_usd_per_kg,0.12,23809850.958662186,28465879.102258213,31799061.548641823,5,83,H-AV=0.075;H-CL=0.1125;H-MA=0.3;L-AV=0.075;L-CL=0.075;L-MA=0.075,H-AV=0.1125;H-CL=0.20259;H-MA=0.2625;L-AV=0.11728;L-CL=0.075;L-MA=0.11728,,9.278991739198903e-05,optimal
social_cost_of_carbon_usd_per_kg,0.19,25800778.866233904,28451658.44780836,31955770.60946693,5,84,H-AV=0.0375;H-CL=0.1875;H-MA=0.075;L-AV=0.1125;L-CL=0.15;L-MA=0.075,H-AV=0.11728;H-CL=0.3;H-MA=0.0375;L-AV=0.11728;L-CL=0.1549;L-MA=0.11728,,9.098505755823532e-05,optimal
social_cost_of_carbon_usd_per_kg,0.34,29901905.89033202,26889250.10270708,26707894.161805443,5,84,H-AV=0.2625;H-CL=0.225;H-MA=0.225;L-AV=0.075;L-CL=0.075;L-MA=0.1875,H-AV=0.1125;H-CL=0.20259;H-MA=0.3;L-AV=0.1125;L-CL=0.1875;L-MA=0.3,,9.653762444852112e-05,optimal
social_cost_of_carbon_usd_per_kg,0.55,35547318.891700454,26838337.799494293,26707894.161805443,5,84,H-AV=0.9;H-CL=0.9;H-MA=0.1125;L-AV=0;L-CL=0.225;L-MA=0.1875,H-AV=0.2625;H-CL=0.2625;H-MA=0.3;L-AV=0.1125;L-CL=0.2625;L-MA=0.3,,0.00028199585110527474,maxTimeLimit
social_cost_of_carbon_usd_per_kg,0.8,42314843.92612795,26942153.741542168,26257459.539884623,5,82,H-AV=0.0375;H-CL=0.1125;H-MA=0.075;L-AV=0.0375;L-CL=0.1125;L-MA=0.0375,H-AV=0.11728;H-CL=0.20259;H-MA=0.9;L-AV=0.1125;L-CL=0.225;L-MA=0.2625,,0.0022484334656891576,maxTimeLimit
platoon_saving_fraction,0.03,25969970.522854548,28908490.110772554,32306065.262158707,5,84,H-AV=0.45;H-CL=0.2625;H-MA=0.45;L-AV=0.45;L-CL=0.9;L-MA=0.45,H-AV=0.45;H-CL=0.2625;H-MA=0.20259;L-AV=0.11728;L-CL=0.15;L-MA=0.1549,,9.779944255267028e-05,optimal
platoon_saving_fraction,0.055,25800778.866233904,28451658.44780836,31955770.60946693,5,84,H-AV=0.0375;H-CL=0.1875;H-MA=0.075;L-AV=0.1125;L-CL=0.15;L-MA=0.075,H-AV=0.11728;H-CL=0.3;H-MA=0.0375;L-AV=0.11728;L-CL=0.1549;L-MA=0.11728,,9.098505755823532e-05,optimal
platoon_saving_fraction,0.07,25687999.03099937,28171901.271882214,31674397.438049227,5,83,H-AV=0.173128;H-CL=0.3;H-MA=0.1125;L-AV=0.15;L-CL=0.225;L-MA=0.075,H-AV=0.2625;H-CL=0.1125;H-MA=0.075;L-AV=0.225;L-CL=0.1549;L-MA=0.11728,,8.493779141220366e-05,optimal
e_truck_kwh_per_km_grid_side,1.2105,24584876.97925986,26098360.822158117,29255344.567109086,5,76,H-AV=0.225;H-CL=0.2625;H-MA=0.3;L-AV=0.3;L-CL=0.075;L-MA=0.3,H-AV=0.3;H-CL=0.11728;H-MA=0.1875;L-AV=0.20259;L-CL=0.1125;L-MA=0.3,low battery / best charger,0.0002431154297996337,maxTimeLimit
e_truck_kwh_per_km_grid_side,1.3587,25800778.866233904,28451658.44780836,31955770.60946693,5,84,H-AV=0.0375;H-CL=0.1875;H-MA=0.075;L-AV=0.1125;L-CL=0.15;L-MA=0.075,H-AV=0.11728;H-CL=0.3;H-MA=0.0375;L-AV=0.11728;L-CL=0.1549;L-MA=0.11728,central,9.098505755823532e-05,optimal
e_truck_kwh_per_km_grid_side,1.6477,26480700.493522942,27772948.763941806,0.0,0,0,H-AV=0.0375;H-CL=0.0375;H-MA=0.173128;L-AV=0.075;L-CL=0.0375;L-MA=0.0375,H-AV=0.1875;H-CL=0.0375;H-MA=0.0375;L-AV=0.075;L-CL=0.0375;L-MA=0.0375,high battery / worst charger,7.58910435397092e-05,optimal
diesel_l_per_km,0.3,24567561.283673182,24505543.027007475,0.0,0,0,H-AV=0.075;H-CL=0.0375;H-MA=0.075;L-AV=0.0375;L-CL=0.0375;L-MA=0.075,H-AV=0.0375;H-CL=0.1549;H-MA=0.0375;L-AV=0.0375;L-CL=0.1549;L-MA=0.0375,,3.21053883381396e-09,optimal
diesel_l_per_km,0.34,25800778.866233904,28451658.44780836,31955770.60946693,5,84,H-AV=0.0375;H-CL=0.1875;H-MA=0.075;L-AV=0.1125;L-CL=0.15;L-MA=0.075,H-AV=0.11728;H-CL=0.3;H-MA=0.0375;L-AV=0.11728;L-CL=0.1549;L-MA=0.11728,,9.098505755823532e-05,optimal
diesel_l_per_km,0.38,26237952.531439934,29160144.075507034,32123065.97266864,5,85,H-AV=0.075;H-CL=0.1875;H-MA=0.3;L-AV=0.3;L-CL=0.075;L-MA=0.173128,H-AV=0.11728;H-CL=0.1549;H-MA=0.3;L-AV=0.11728;L-CL=0.1125;L-MA=0.0375,,7.73275734044243e-05,optimal
diesel_kgco2_per_l,2.64,25784755.520684794,28342834.435163584,31766347.55673461,5,83,H-AV=0.1125;H-CL=0.0375;H-MA=0;L-AV=0.3;L-CL=0.2625;L-MA=0.075,H-AV=0.11728;H-CL=0.0375;H-MA=0.0375;L-AV=0.15;L-CL=0.1875;L-MA=0.0375,,8.380855085952943e-05,optimal
diesel_kgco2_per_l,2.68,25800778.866233904,28451658.44780836,31955770.60946693,5,84,H-AV=0.0375;H-CL=0.1875;H-MA=0.075;L-AV=0.1125;L-CL=0.15;L-MA=0.075,H-AV=0.11728;H-CL=0.3;H-MA=0.0375;L-AV=0.11728;L-CL=0.1549;L-MA=0.11728,,9.098505755823532e-05,optimal
diesel_kgco2_per_l,2.7,25810701.438034438,28507371.54378561,31988484.601374127,5,84,H-AV=0.075;H-CL=0.1875;H-MA=0.173128;L-AV=0.1875;L-CL=0.1125;L-MA=0.45,H-AV=0.11728;H-CL=0.2625;H-MA=0.20259;L-AV=0.11728;L-CL=0.075;L-MA=0.3,,4.178647214287961e-05,optimal
electricity_price_multiplier,0.5,23914328.945520088,28538805.08322513,32291485.16171834,5,85,H-AV=0.0375;H-CL=0.3;H-MA=0.2625;L-AV=0.1125;L-CL=0.1125;L-MA=0.3,H-AV=0.0375;H-CL=0.0375;H-MA=0.20259;L-AV=0.11728;L-CL=0.075;L-MA=0.11728,,5.7750737731803267e-05,optimal
electricity_price_multiplier,1.0,25800778.866233904,28451658.44780836,31955770.60946693,5,84,H-AV=0.0375;H-CL=0.1875;H-MA=0.075;L-AV=0.1125;L-CL=0.15;L-MA=0.075,H-AV=0.11728;H-CL=0.3;H-MA=0.0375;L-AV=0.11728;L-CL=0.1549;L-MA=0.11728,,9.098505755823532e-05,optimal
electricity_price_multiplier,1.5,26480700.493522942,27772948.763941806,6.180911737932311e-10,0,0,H-AV=0.0375;H-CL=0;H-MA=0.0375;L-AV=0.0375;L-CL=0.075;L-MA=0,H-AV=0;H-CL=0;H-MA=0.11728;L-AV=0.1875;L-CL=0.075;L-MA=0.1125,,0.0,optimal
diesel_price_multiplier,0.7,23185253.58795074,27772948.763941806,0.0,0,0,H-AV=0.1875;H-CL=0.1125;H-MA=0.15;L-AV=0.173128;L-CL=0.075;L-MA=0.1875,H-AV=0.11728;H-CL=0.0375;H-MA=0.6;L-AV=0.1125;L-CL=0.075;L-MA=0.0375,,0.0,optimal
diesel_price_multiplier,1.0,25800778.866233904,28451658.44780836,31955770.60946693,5,84,H-AV=0.0375;H-CL=0.1875;H-MA=0.075;L-AV=0.1125;L-CL=0.15;L-MA=0.075,H-AV=0.11728;H-CL=0.3;H-MA=0.0375;L-AV=0.11728;L-CL=0.1549;L-MA=0.11728,,9.098505755823532e-05,optimal
diesel_price_multiplier,1.4,26792782.952147014,28367911.788579036,32089893.340263955,5,85,H-AV=0.075;H-CL=0.3;H-MA=0.3;L-AV=1.5;L-CL=0.225;L-MA=0.075,H-AV=0.2625;H-CL=0.45;H-MA=0.075;L-AV=0.1125;L-CL=0.225;L-MA=0.0375,,0.0002372845874085143,maxTimeLimit
grid_stress_weight_usd_per_kwh,0.0,25162472.477758806,28433117.484878622,31955770.609466914,5,84,H-AV=0.075;H-CL=0.1125;H-MA=0.075;L-AV=0.2625;L-CL=0.2625;L-MA=0.173128,H-AV=0.11728;H-CL=0.15;H-MA=0.075;L-AV=0.2625;L-CL=0.1549;L-MA=0.20259,,9.297241753406998e-05,optimal
grid_stress_weight_usd_per_kwh,0.02,25800778.866233904,28451658.44780836,31955770.60946693,5,84,H-AV=0.0375;H-CL=0.1875;H-MA=0.075;L-AV=0.1125;L-CL=0.15;L-MA=0.075,H-AV=0.11728;H-CL=0.3;H-MA=0.0375;L-AV=0.11728;L-CL=0.1549;L-MA=0.11728,,9.098505755823532e-05,optimal
grid_stress_weight_usd_per_kwh,0.06,26480700.49352294,27772948.763941802,-4.21830727175912e-09,0,0,H-AV=0.0375;H-CL=0;H-MA=0.0375;L-AV=0.075;L-CL=0.0375;L-MA=0.0375,H-AV=0.1125;H-CL=0.15;H-MA=0.1125;L-AV=0.1125;L-CL=0.1549;L-MA=0.1125,,9.827278828059863e-05,optimal
charging_capacity_cost_usd_per_unit,18000.0,25130086.39771378,28416499.294048775,32080313.631361894,5,85,H-AV=0.2625;H-CL=0.1125;H-MA=0.15;L-AV=0.3;L-CL=0.1125;L-MA=0.0375,H-AV=0.3;H-CL=0.075;H-MA=0.1125;L-AV=0.3;L-CL=0.1549;L-MA=0.075,,9.50411525201269e-05,optimal
charging_capacity_cost_usd_per_unit,26000.0,25800778.866233904,28451658.44780836,31955770.60946693,5,84,H-AV=0.0375;H-CL=0.1875;H-MA=0.075;L-AV=0.1125;L-CL=0.15;L-MA=0.075,H-AV=0.11728;H-CL=0.3;H-MA=0.0375;L-AV=0.11728;L-CL=0.1549;L-MA=0.11728,,9.098505755823532e-05,optimal
charging_capacity_cost_usd_per_unit,40000.0,26465929.01743043,28069829.879346877,7997857.419569166,1,16,H-AV=0.2625;H-CL=0.075;H-MA=0.075;L-AV=0.075;L-CL=0.0375;L-MA=0.0375,H-AV=0.3;H-CL=0.0375;H-MA=0.1125;L-AV=0.0375;L-CL=0.1549;L-MA=0.1125,,4.06629955930813e-05,optimal
electrification_fixed_cost_usd,80000.0,25601250.272468023,28440854.90106706,31955770.60946692,5,84,H-AV=0.1875;H-CL=0.225;H-MA=0.173128;L-AV=0.0375;L-CL=0.0375;L-MA=0.075,H-AV=0.11728;H-CL=0.20259;H-MA=0.20259;L-AV=0.11728;L-CL=0.1875;L-MA=0.11728,,8.168249788105143e-05,optimal
electrification_fixed_cost_usd,120000.0,25800778.866233904,28451658.44780836,31955770.60946693,5,84,H-AV=0.0375;H-CL=0.1875;H-MA=0.075;L-AV=0.1125;L-CL=0.15;L-MA=0.075,H-AV=0.11728;H-CL=0.3;H-MA=0.0375;L-AV=0.11728;L-CL=0.1549;L-MA=0.11728,,9.098505755823532e-05,optimal
electrification_fixed_cost_usd,200000.0,26156726.171643447,28504800.4131741,25143360.86487652,3,64,H-AV=0.2625;H-CL=0.075;H-MA=0.173128;L-AV=0.3;L-CL=0.1125;L-MA=0.075,H-AV=0.2625;H-CL=0.1125;H-MA=0.11728;L-AV=0.3;L-CL=0.1549;L-MA=0.0375,,5.775180936851411e-05,optimal
platoon_coordination_cost_usd,0.5,25567155.996853124,28152585.08712035,31705144.205767542,5,83,H-AV=0.075;H-CL=0.075;H-MA=0.3;L-AV=0.15;L-CL=0.075;L-MA=0.173128,H-AV=0.15;H-CL=0.1875;H-MA=0.15;L-AV=0.15;L-CL=0.15;L-MA=0.1549,,7.336716367949367e-05,optimal
platoon_coordination_cost_usd,2.0,25800778.866233904,28451658.44780836,31955770.60946693,5,84,H-AV=0.0375;H-CL=0.1875;H-MA=0.075;L-AV=0.1125;L-CL=0.15;L-MA=0.075,H-AV=0.11728;H-CL=0.3;H-MA=0.0375;L-AV=0.11728;L-CL=0.1549;L-MA=0.11728,,9.098505755823532e-05,optimal
platoon_coordination_cost_usd,8.0,25999462.578110605,29202801.532109085,32298375.49748233,5,84,H-AV=0.0375;H-CL=0.1875;H-MA=0.2625;L-AV=0.45;L-CL=0.15;L-MA=0.0375,H-AV=0.11728;H-CL=0.0375;H-MA=0.1549;L-AV=0.45;L-CL=0.1549;L-MA=0.0375,,5.5592545695089924e-05,optimal
grid_headroom_multiplier,0.5,25994423.440344695,28012631.511985153,18677700.897557296,3,42,H-AV=0.15;H-CL=0.1125;H-MA=0.45;L-AV=0.225;L-CL=0.2625;L-MA=0.173128,H-AV=0.0375;H-CL=0.225;H-MA=0.11728;L-AV=0.3;L-CL=0.1125;L-MA=0.0375,,9.928317339939657e-05,optimal
grid_headroom_multiplier,0.75,25865199.43513241,28193925.489637338,26567784.151858207,5,63,H-AV=0.075;H-CL=0.1125;H-MA=0.1875;L-AV=0.0375;L-CL=1.5;L-MA=0.1875,H-AV=0.1125;H-CL=0.11728;H-MA=0.0375;L-AV=0.11728;L-CL=0.11728;L-MA=0.15,,9.902527383930566e-05,optimal
grid_headroom_multiplier,1.0,25800778.866233904,28451658.44780836,31955770.60946693,5,84,H-AV=0.0375;H-CL=0.1875;H-MA=0.075;L-AV=0.1125;L-CL=0.15;L-MA=0.075,H-AV=0.11728;H-CL=0.3;H-MA=0.0375;L-AV=0.11728;L-CL=0.1549;L-MA=0.11728,,9.098505755823532e-05,optimal
grid_headroom_multiplier,1.5,25781255.683208127,28918662.143345688,33604243.23339431,5,84,H-AV=0.225;H-CL=0.075;H-MA=0.1125;L-AV=0.173128;L-CL=0.15;L-MA=0.173128,H-AV=0.11728;H-CL=0.0375;H-MA=0.1549;L-AV=0.11728;L-CL=0.11728;L-MA=0.075,,8.350840328327872e-05,optimal
grid_headroom_multiplier,2.0,25773213.370821796,29111051.012250517,34265068.53186567,5,84,H-AV=0.0375;H-CL=0.1875;H-MA=0.173128;L-AV=0.075;L-CL=1.5;L-MA=0.1125,H-AV=0.075;H-CL=0.2625;H-MA=0.20259;L-AV=0.1875;L-CL=0.45;L-MA=0.15,,6.269051894769529e-05,optimal
platoon_share_cap,0.5,25868879.869419023,28704640.587139558,31878667.957105387,5,83,H-AV=0.075;H-CL=0.075;H-MA=0.075;L-AV=0.1875;L-CL=0.0375;L-MA=0.225,H-AV=0.1125;H-CL=0.1549;H-MA=0.0375;L-AV=0.2625;L-CL=0.1549;L-MA=0.11728,,9.708609865530091e-05,optimal
platoon_share_cap,0.75,25800778.866233904,28451658.44780836,31955770.60946693,5,84,H-AV=0.0375;H-CL=0.1875;H-MA=0.075;L-AV=0.1125;L-CL=0.15;L-MA=0.075,H-AV=0.11728;H-CL=0.3;H-MA=0.0375;L-AV=0.11728;L-CL=0.1549;L-MA=0.11728,,9.098505755823532e-05,optimal
platoon_share_cap,0.95,25749894.19223512,28238049.36777885,31676440.774020005,5,83,H-AV=0.0375;H-CL=0.075;H-MA=0.225;L-AV=0;L-CL=0.2625;L-MA=0.0375,H-AV=0.0375;H-CL=0.1549;H-MA=0.0375;L-AV=0.1125;L-CL=0.1549;L-MA=0.0375,,3.986223232547498e-05,optimal
haulage_cost_usd_per_km,0.2,22044847.67350506,28445759.154776886,31766347.55673462,5,83,H-AV=0.075;H-CL=0.1875;H-MA=0.0375;L-AV=0.075;L-CL=0.2625;L-MA=0.225,H-AV=0.0375;H-CL=0.2625;H-MA=0;L-AV=0.1125;L-CL=0.3;L-MA=0.1125,,9.650708117707106e-05,optimal
haulage_cost_usd_per_km,0.32,25800778.866233904,28451658.44780836,31955770.60946693,5,84,H-AV=0.0375;H-CL=0.1875;H-MA=0.075;L-AV=0.1125;L-CL=0.15;L-MA=0.075,H-AV=0.11728;H-CL=0.3;H-MA=0.0375;L-AV=0.11728;L-CL=0.1549;L-MA=0.11728,,9.098505755823532e-05,optimal
haulage_cost_usd_per_km,0.6,34571259.12766295,28446158.628672943,31991140.337095097,5,84,H-AV=0.173128;H-CL=0.075;H-MA=0.15;L-AV=0.3;L-CL=0.6;L-MA=0.075,H-AV=0.2625;H-CL=0.20259;H-MA=0.15;L-AV=0.1875;L-CL=0.075;L-MA=0.075,,7.887862775143882e-05,optimal
haulage_cost_usd_per_km,1.2,53361860.777161896,28419062.992734745,31955770.609466925,5,84,H-AV=0.1875;H-CL=0.15;H-MA=0.225;L-AV=0.45;L-CL=0.1125;L-MA=0.225,H-AV=0.2625;H-CL=0.15;H-MA=0.0375;L-AV=0.11728;L-CL=0.1549;L-MA=0.11728,,9.27488439447931e-05,optimal
unmet_demand_penalty_usd,400.0,25801622.138740357,28432332.581326846,31955770.609466888,5,84,H-AV=0.1875;H-CL=0.2625;H-MA=0.225;L-AV=0.0375;L-CL=0.15;L-MA=0.15,H-AV=0.2625;H-CL=0.225;H-MA=0.0375;L-AV=0.1125;L-CL=0.15;L-MA=0.11728,,9.326401910048092e-05,optimal
unmet_demand_penalty_usd,900.0,25800778.866233904,28451658.44780836,31955770.60946693,5,84,H-AV=0.0375;H-CL=0.1875;H-MA=0.075;L-AV=0.1125;L-CL=0.15;L-MA=0.075,H-AV=0.11728;H-CL=0.3;H-MA=0.0375;L-AV=0.11728;L-CL=0.1549;L-MA=0.11728,,9.098505755823532e-05,optimal
unmet_demand_penalty_usd,2000.0,25800630.471402064,28468408.01166484,31988484.60137413,5,84,H-AV=0.173128;H-CL=0.075;H-MA=0.1875;L-AV=0.075;L-CL=0.075;L-MA=0.173128,H-AV=0.11728;H-CL=0.1549;H-MA=0.11728;L-AV=0.11728;L-CL=0.075;L-MA=0.11728,,8.523398375062522e-05,optimal
circuity_factor,1.0,23115377.08614524,25571492.075762354,29118518.136668365,5,75,H-AV=0.0375;H-CL=0.225;H-MA=0.2625;L-AV=0.1125;L-CL=0.0375;L-MA=0.6,H-AV=0.11728;H-CL=0.1875;H-MA=0.2625;L-AV=0.15;L-CL=0.11728;L-MA=0.1125,"lower bound, straight-line",8.620925344296655e-05,optimal
circuity_factor,1.12,25800778.866233904,28451658.44780836,31955770.60946693,5,84,H-AV=0.0375;H-CL=0.1875;H-MA=0.075;L-AV=0.1125;L-CL=0.15;L-MA=0.075,H-AV=0.11728;H-CL=0.3;H-MA=0.0375;L-AV=0.11728;L-CL=0.1549;L-MA=0.11728,fitted for this corridor,9.098505755823532e-05,optimal
circuity_factor,1.4,32108553.940184735,35243167.89353619,34547134.59903632,5,84,H-AV=0.1125;H-CL=0.173128;H-MA=0.1125;L-AV=0.15;L-CL=0.075;L-MA=0.1875,H-AV=0.075;H-CL=0.15;H-MA=0.075;L-AV=0.1549;L-CL=0.15;L-MA=0.075,upper bound,6.513704602015765e-05,optimal
volume_composition,road share low,22081415.68984864,24383075.816961683,27961924.085779216,5,72,H-AV=0.1875;H-CL=0.1875;H-MA=0.173128;L-AV=0;L-CL=0;L-MA=0.1125,H-AV=0.2625;H-CL=0.075;H-MA=0.20259;L-AV=0.1125;L-CL=0.11728;L-MA=0.1125,road share low,0.0,optimal
volume_composition,road share high,29548090.90973855,32575389.56578257,33555855.17838087,5,84,H-AV=0.15;H-CL=0.1125;H-MA=0.075;L-AV=0.3;L-CL=0.075;L-MA=0.0375,H-AV=0.11728;H-CL=0.1549;H-MA=0.11728;L-AV=0.1125;L-CL=0.11728;L-MA=0.0375,road share high,8.464777451968533e-05,optimal
volume_composition,transshipment share high,25416523.05800164,28019680.36661637,31606394.389513977,5,83,H-AV=0.075;H-CL=0.1125;H-MA=0.225;L-AV=0.075;L-CL=0.1125;L-MA=0.2625,H-AV=0.0375;H-CL=0.15;H-MA=0.1875;L-AV=0.11728;L-CL=0.1875;L-MA=0.11728,transshipment share high,6.461710094044082e-05,optimal
volume_composition,boxes per TEU low,28576524.33347458,31481614.138552886,33110518.189739786,5,84,H-AV=0.075;H-CL=0.3;H-MA=0.1125;L-AV=0.0375;L-CL=0.225;L-MA=0.0375,H-AV=0.0375;H-CL=0.15;H-MA=0.1549;L-AV=0.11728;L-CL=0.1875;L-MA=0.1125,boxes per TEU low,8.466271420208747e-05,optimal
emission_boundary,delivered grid vs well-to-wheel diesel,26894843.46480775,33259567.3636846,29331832.38563618,5,84,H-AV=0.1875;H-CL=0.1125;H-MA=0.075;L-AV=0.225;L-CL=0.173128;L-MA=0.0375,H-AV=0.2625;H-CL=0.15;H-MA=0.3;L-AV=0.11728;L-CL=0.2625;L-MA=0.0375,T&D losses 17%; diesel 3.2 kgCO2/L,1.1542691338196289e-05,optimal
