social_cost_of_carbon,grid_state_spread,ef_min,ef_max,first_best,cost_F3,cost_F4,gap_F3,gap_F4,gap_F3_pct,gap_F4_pct,sigma_F3,sigma_F4,all_certified,theory_consistent,status_first_best,status_F3,status_F4,mip_gap_F3,mip_gap_F4
0.12,1.0,0.512,0.961,23807841.91058553,23807841.910585526,23807841.910585526,-3.725290298461914e-09,-3.725290298461914e-09,-1.5647324576720923e-14,-1.5647324576720923e-14,*=0.1125,H-AV=0.225;H-CL=0.08144;H-MA=0.0375;L-AV=0.1125;L-CL=0.1125;L-MA=0.08144,True,True,optimal,optimal,optimal,0.0,0.0
0.12,2.0,0.314,1.212,23736653.640293673,23737021.374085333,23736653.64029366,367.73379166051745,-1.1175870895385742e-08,0.001549223396158414,-4.708275675562949e-14,*=0.05768,H-AV=0.05768;H-CL=0;H-MA=0.16544;L-AV=0.16544;L-CL=0.0375;L-MA=0.0375,True,True,optimal,optimal,optimal,0.0,0.0
0.12,4.0,0.0,1.714,23385723.883351438,23390156.19324782,23385723.88240851,4432.3098963834345,-0.0009429268538951874,0.0189530583636919,-4.0320618621793776e-09,*=0.11728,H-AV=0.1125;H-CL=0.02;H-MA=0.9;L-AV=0.11728;L-CL=0.0375;L-MA=1.5,True,True,optimal,optimal,optimal,0.0,0.0
0.19,1.0,0.512,0.961,25800630.471402064,25800630.471402064,25800630.471402064,0.0,0.0,0.0,0.0,*=0.1125,H-AV=0.11728;H-CL=0.15;H-MA=0.15;L-AV=0.1549;L-CL=0.075;L-MA=0.1125,True,True,optimal,optimal,optimal,0.0,0.0
0.19,2.0,0.314,1.212,25505157.74999811,25505177.741034023,25505157.74999811,19.991035912185907,0.0,7.838036568186836e-05,0.0,*=0.1125,H-AV=0.075;H-CL=0.225;H-MA=0.3;L-AV=0.1549;L-CL=0.07966;L-MA=0.6,True,True,optimal,optimal,optimal,0.0,0.0
0.19,4.0,0.0,1.714,24927366.465130195,24931880.832292516,24927366.465130206,4514.367162320763,1.1175870895385742e-08,0.018110084627815434,4.4833740904877295e-14,*=0.11728,H-AV=0.1125;H-CL=0;H-MA=0.1549;L-AV=0.11728;L-CL=0;L-MA=0.20259,True,True,optimal,optimal,optimal,0.0,0.0
0.34,1.0,0.512,0.961,29899375.94117309,29899375.941173095,29899375.941173095,3.725290298461914e-09,3.725290298461914e-09,1.2459424925093448e-14,1.2459424925093448e-14,*=0.3,H-AV=0.19408;H-CL=0.075;H-MA=0.2614;L-AV=0.20259;L-CL=0.3;L-MA=0.2614,True,True,optimal,optimal,optimal,0.0,0.0
0.34,2.0,0.314,1.212,29254602.578036666,29254673.320918586,29254602.578036666,70.74288192018867,0.0,0.00024181795576091658,0.0,*=0.3,H-AV=0.075;H-CL=0.1549;H-MA=0.2625;L-AV=0.1125;L-CL=0.15;L-MA=0.3,True,True,optimal,optimal,optimal,0.0,0.0
0.34,4.0,0.0,1.714,28220202.83489085,28230310.814591303,28220202.834890854,10107.97970045358,3.725290298461914e-09,0.03581823900980716,1.3200792071756641e-14,*=0.3,H-AV=0.0375;H-CL=0.0375;H-MA=0.45;L-AV=0.2614;L-CL=0.02;L-MA=0.2614,True,True,optimal,optimal,optimal,0.0,0.0
0.8,1.0,0.512,0.961,42224071.260235354,42227276.381898396,42263718.375900604,3205.121663041413,39647.11566524953,0.007590745201445901,0.09389695138798071,*=0.7888,H-AV=0.3;H-CL=0.1875;H-MA=0.2625;L-AV=0.1125;L-CL=0.1875;L-MA=1.5,False,False,optimal,optimal,maxTimeLimit,0.0,0.000938088630631459
0.8,2.0,0.314,1.212,40698555.09312382,40706349.46178371,40713421.04879246,7794.368659883738,14865.955668635666,0.019151462851811723,0.03652698636258791,*=0.588,H-AV=0.45;H-CL=0.2625;H-MA=0.45;L-AV=0.9;L-CL=0.15;L-MA=0.9896,False,False,optimal,optimal,maxTimeLimit,0.0,0.0003977988654093445
0.8,4.0,0.0,1.714,37925146.77888066,37961346.65215209,37934190.659246646,36199.87327142805,9043.880365982652,0.0954508455365732,0.023846658837504902,*=0.588,H-AV=0.15;H-CL=0.02;H-MA=1.3912;L-AV=0.1875;L-CL=0.02;L-MA=0.9,False,True,optimal,optimal,maxTimeLimit,0.0,0.00028779783719270677
